,Rider Id,No_Of_Orders,Age,No_of_Ratings
0,Rider_Id_396,2946,2298,1159
1,Rider_Id_479,360,951,176
2,Rider_Id_648,1746,821,466
3,Rider_Id_753,314,980,75
4,Rider_Id_335,536,1113,156
5,Rider_Id_720,2608,1798,504
6,Rider_Id_95,3464,1304,950
7,Rider_Id_122,4831,2124,1469
8,Rider_Id_900,1936,1436,610
9,Rider_Id_196,550,2379,224
10,Rider_Id_606,2711,1412,519
11,Rider_Id_742,593,966,237
12,Rider_Id_101,1299,986,287
13,Rider_Id_650,4375,2362,1152
14,Rider_Id_131,2183,887,393
15,Rider_Id_294,5780,2625,246
16,Rider_Id_350,575,2068,184
17,Rider_Id_676,2095,1358,667
18,Rider_Id_633,929,1070,258
19,Rider_Id_865,2178,1010,746
20,Rider_Id_791,688,1021,216
21,Rider_Id_408,2212,1447,542
22,Rider_Id_406,2853,1618,1030
23,Rider_Id_236,431,1067,159
24,Rider_Id_397,2169,1236,589
25,Rider_Id_589,2295,1166,596
26,Rider_Id_906,3571,1236,968
27,Rider_Id_432,1637,1309,549
28,Rider_Id_757,2101,1066,229
29,Rider_Id_264,2691,2519,886
30,Rider_Id_761,1638,934,413
31,Rider_Id_219,1672,1244,477
32,Rider_Id_340,3579,1286,963
33,Rider_Id_89,2208,1281,585
34,Rider_Id_409,2058,1046,652
35,Rider_Id_493,4705,2154,1511
36,Rider_Id_486,5538,1634,2226
37,Rider_Id_586,4634,2173,800
38,Rider_Id_543,721,984,161
39,Rider_Id_6,2959,1156,655
40,Rider_Id_581,3529,1218,905
41,Rider_Id_347,2451,1821,1101
42,Rider_Id_103,680,982,207
43,Rider_Id_241,213,1012,76
44,Rider_Id_437,2966,2053,1147
45,Rider_Id_618,414,985,139
46,Rider_Id_580,2782,1629,934
47,Rider_Id_74,1830,982,423
48,Rider_Id_644,4663,1924,1403
49,Rider_Id_312,390,986,142
50,Rider_Id_929,2823,2296,1159
51,Rider_Id_813,2728,1359,845
52,Rider_Id_923,1665,1527,599
53,Rider_Id_56,2866,1788,533
54,Rider_Id_345,3036,1426,955
55,Rider_Id_663,4342,2634,1048
56,Rider_Id_549,560,981,164
57,Rider_Id_124,3288,1204,1056
58,Rider_Id_147,2486,806,516
59,Rider_Id_207,2180,1021,661
60,Rider_Id_45,1988,972,358
61,Rider_Id_279,2312,1082,370
62,Rider_Id_531,2222,1162,574
63,Rider_Id_16,4315,2408,1181
64,Rider_Id_446,2761,1749,673
65,Rider_Id_668,2305,703,91
66,Rider_Id_100,362,910,109
67,Rider_Id_771,2146,1179,557
68,Rider_Id_449,2104,1149,525
69,Rider_Id_425,6569,2170,1983
70,Rider_Id_692,4933,1638,1086
71,Rider_Id_916,4966,3225,1210
72,Rider_Id_410,2087,1019,362
73,Rider_Id_290,4214,1850,1096
74,Rider_Id_268,1714,1980,357
75,Rider_Id_159,243,911,84
76,Rider_Id_266,4285,1392,1162
77,Rider_Id_285,78,987,37
78,Rider_Id_671,5713,1636,2255
79,Rider_Id_940,2713,1613,865
80,Rider_Id_265,4371,1133,1262
81,Rider_Id_729,125,940,48
82,Rider_Id_338,2305,944,449
83,Rider_Id_948,1895,1390,213
84,Rider_Id_762,5230,1951,1528
85,Rider_Id_765,921,985,192
86,Rider_Id_153,233,982,85
87,Rider_Id_658,3906,2215,714
88,Rider_Id_779,5525,2145,1364
89,Rider_Id_522,4321,1323,1259
90,Rider_Id_304,4861,2898,1156
91,Rider_Id_223,4655,3202,1223
92,Rider_Id_751,1982,1211,482
93,Rider_Id_478,1912,2245,581
94,Rider_Id_874,2865,1494,843
95,Rider_Id_789,4681,1908,1428
96,Rider_Id_875,2719,1509,534
97,Rider_Id_886,2728,1474,849
98,Rider_Id_280,2466,854,353
99,Rider_Id_654,3453,1063,831
100,Rider_Id_358,4687,2445,782
101,Rider_Id_937,2568,966,351
102,Rider_Id_881,2187,853,60
103,Rider_Id_216,2087,1033,641
104,Rider_Id_749,283,986,104
105,Rider_Id_521,5523,2234,1265
106,Rider_Id_510,6571,2478,2116
107,Rider_Id_65,3054,1527,995
108,Rider_Id_737,2751,2639,655
109,Rider_Id_942,5082,1525,1064
110,Rider_Id_608,5538,2642,255
111,Rider_Id_912,2678,2478,926
112,Rider_Id_226,1617,2254,304
113,Rider_Id_782,308,971,114
114,Rider_Id_546,2848,2272,1053
115,Rider_Id_631,5315,1942,1340
116,Rider_Id_535,4603,2360,1242
117,Rider_Id_733,2203,1260,645
118,Rider_Id_620,1383,957,265
119,Rider_Id_669,6728,2702,2027
120,Rider_Id_798,2920,1482,1015
121,Rider_Id_541,4365,1457,1222
122,Rider_Id_571,4780,1716,1087
123,Rider_Id_421,1951,1227,579
124,Rider_Id_544,2142,952,491
125,Rider_Id_217,3595,2094,960
126,Rider_Id_949,551,1065,176
127,Rider_Id_248,3166,1173,707
128,Rider_Id_698,2273,1239,624
129,Rider_Id_805,4531,1862,1455
130,Rider_Id_84,2919,1960,1215
131,Rider_Id_651,2083,1123,401
132,Rider_Id_355,3032,1444,1047
133,Rider_Id_105,1875,900,442
134,Rider_Id_379,1601,1337,441
135,Rider_Id_895,3068,1229,779
136,Rider_Id_123,2458,1192,525
137,Rider_Id_777,3053,1976,1159
138,Rider_Id_297,1787,1189,416
139,Rider_Id_247,2481,752,322
140,Rider_Id_173,2086,1186,158
141,Rider_Id_727,2976,2311,770
142,Rider_Id_188,3837,2018,786
143,Rider_Id_393,3427,2385,1010
144,Rider_Id_583,5169,1824,1067
145,Rider_Id_919,526,989,187
146,Rider_Id_79,2204,1129,517
147,Rider_Id_661,3540,1218,848
148,Rider_Id_623,4013,2149,696
149,Rider_Id_473,2690,2429,383
150,Rider_Id_470,1571,1071,305
151,Rider_Id_374,1985,1191,143
152,Rider_Id_734,1938,1372,637
153,Rider_Id_482,1415,1516,519
154,Rider_Id_390,1225,2253,301
155,Rider_Id_239,6856,2038,402
156,Rider_Id_62,2072,1151,571
157,Rider_Id_756,3556,2263,881
158,Rider_Id_747,2236,1013,384
159,Rider_Id_770,2311,872,533
160,Rider_Id_555,4088,2257,799
161,Rider_Id_520,1689,1811,334
162,Rider_Id_786,6421,2043,2026
163,Rider_Id_515,7142,2132,388
164,Rider_Id_539,6926,2469,2008
165,Rider_Id_202,9561,3697,1639
166,Rider_Id_702,5703,2722,357
167,Rider_Id_102,4146,1220,1149
168,Rider_Id_467,2699,2287,668
169,Rider_Id_301,369,892,79
170,Rider_Id_320,3516,1494,913
171,Rider_Id_353,2173,1157,683
172,Rider_Id_441,6724,2333,2046
173,Rider_Id_927,2934,1441,448
174,Rider_Id_621,2689,2019,1085
175,Rider_Id_711,9418,3682,1547
176,Rider_Id_898,356,925,77
177,Rider_Id_499,946,1112,299
178,Rider_Id_209,1899,1207,624
179,Rider_Id_352,158,888,21
180,Rider_Id_812,4402,1090,1301
181,Rider_Id_148,4671,941,973
182,Rider_Id_680,4418,2177,1423
183,Rider_Id_192,439,1511,171
184,Rider_Id_33,2354,1936,1153
185,Rider_Id_938,1588,955,382
186,Rider_Id_64,3506,2406,1007
187,Rider_Id_909,2081,985,553
188,Rider_Id_466,2147,1007,311
189,Rider_Id_51,1040,1248,312
190,Rider_Id_892,12,881,4
191,Rider_Id_50,4345,1887,986
192,Rider_Id_4,4505,1377,1182
193,Rider_Id_327,254,881,34
194,Rider_Id_832,3616,2094,913
195,Rider_Id_726,1337,875,243
196,Rider_Id_167,2362,891,438
197,Rider_Id_956,4847,901,902
198,Rider_Id_890,317,876,58
199,Rider_Id_334,176,879,46
200,Rider_Id_656,3015,1368,527
201,Rider_Id_281,4712,1109,1015
202,Rider_Id_480,61,880,27
203,Rider_Id_858,4761,1120,1010
204,Rider_Id_735,407,875,108
205,Rider_Id_474,225,878,66
206,Rider_Id_455,1340,2075,300
207,Rider_Id_687,4859,2360,878
208,Rider_Id_116,705,874,176
209,Rider_Id_144,98,881,28
210,Rider_Id_329,4890,1103,1011
211,Rider_Id_286,8948,2185,1241
212,Rider_Id_844,517,874,157
213,Rider_Id_417,5,875,1
214,Rider_Id_893,1698,1649,701
215,Rider_Id_932,1434,1111,257
216,Rider_Id_888,82,880,24
217,Rider_Id_134,472,1251,178
218,Rider_Id_444,108,880,34
219,Rider_Id_598,4351,1400,1270
220,Rider_Id_284,2931,1170,586
221,Rider_Id_186,40,880,21
222,Rider_Id_423,2479,1712,1075
223,Rider_Id_755,1599,1112,339
224,Rider_Id_561,1926,1327,620
225,Rider_Id_845,3431,1512,1073
226,Rider_Id_412,2136,2989,230
227,Rider_Id_808,228,872,90
228,Rider_Id_360,126,874,33
229,Rider_Id_87,566,873,64
230,Rider_Id_846,2252,2978,322
231,Rider_Id_88,1450,872,329
232,Rider_Id_5,1392,3397,291
233,Rider_Id_366,1941,1700,687
234,Rider_Id_46,2224,3051,317
235,Rider_Id_941,1944,1745,701
236,Rider_Id_71,6609,2298,1939
237,Rider_Id_40,4618,1470,1343
238,Rider_Id_752,342,875,133
239,Rider_Id_260,5421,2059,1288
240,Rider_Id_208,779,873,89
241,Rider_Id_24,6695,2109,1874
242,Rider_Id_228,4239,1658,913
243,Rider_Id_795,2719,2326,681
244,Rider_Id_852,379,866,133
245,Rider_Id_908,370,1514,121
246,Rider_Id_517,4549,1226,1199
247,Rider_Id_351,5584,2269,1286
248,Rider_Id_37,2485,2286,640
249,Rider_Id_494,248,1393,92
250,Rider_Id_870,1399,1361,317
251,Rider_Id_140,149,859,45
252,Rider_Id_259,4176,2014,1027
253,Rider_Id_672,3124,2080,1215
254,Rider_Id_322,586,856,98
255,Rider_Id_83,517,1390,217
256,Rider_Id_215,2110,1225,491
257,Rider_Id_222,854,1252,201
258,Rider_Id_354,1130,1715,303
259,Rider_Id_574,1753,1011,472
260,Rider_Id_925,6868,2489,2104
261,Rider_Id_434,2669,2280,629
262,Rider_Id_224,2398,1942,1079
263,Rider_Id_200,8068,2789,1372
264,Rider_Id_616,221,846,58
265,Rider_Id_526,1629,1230,425
266,Rider_Id_407,2847,2362,640
267,Rider_Id_820,118,1111,33
268,Rider_Id_536,1926,994,482
269,Rider_Id_302,44,874,2
270,Rider_Id_445,6815,2455,2149
271,Rider_Id_714,4695,2158,895
272,Rider_Id_635,34,840,14
273,Rider_Id_31,1402,1443,258
274,Rider_Id_212,84,847,22
275,Rider_Id_615,1239,1113,391
276,Rider_Id_431,101,841,28
277,Rider_Id_107,2034,1234,552
278,Rider_Id_905,2241,2809,313
279,Rider_Id_861,3036,2447,1200
280,Rider_Id_614,5664,2014,1264
281,Rider_Id_49,4881,1990,686
282,Rider_Id_498,1421,1111,267
283,Rider_Id_851,99,831,28
284,Rider_Id_333,2993,1314,532
285,Rider_Id_235,9756,3764,1534
286,Rider_Id_804,2131,1184,589
287,Rider_Id_636,106,827,37
288,Rider_Id_802,199,833,26
289,Rider_Id_185,9140,2323,1256
290,Rider_Id_427,903,824,122
291,Rider_Id_584,3064,1010,700
292,Rider_Id_330,4860,1707,1174
293,Rider_Id_744,638,878,173
294,Rider_Id_442,9543,3416,1569
295,Rider_Id_465,942,878,222
296,Rider_Id_638,102,873,32
297,Rider_Id_579,2641,1250,468
298,Rider_Id_21,179,810,22
299,Rider_Id_86,1133,2006,178
300,Rider_Id_252,3705,2634,1155
301,Rider_Id_738,2849,2506,427
302,Rider_Id_840,2775,2575,522
303,Rider_Id_288,225,802,52
304,Rider_Id_585,2653,2252,653
305,Rider_Id_326,385,805,72
306,Rider_Id_272,2998,993,678
307,Rider_Id_476,2672,2336,888
308,Rider_Id_939,127,861,34
309,Rider_Id_951,284,790,58
310,Rider_Id_238,7921,2591,1364
311,Rider_Id_833,1391,1112,336
312,Rider_Id_914,3969,2311,722
313,Rider_Id_629,550,840,114
314,Rider_Id_917,2903,1385,951
315,Rider_Id_232,2862,2168,1076
316,Rider_Id_514,2296,2066,852
317,Rider_Id_642,2752,2661,445
318,Rider_Id_872,423,1247,187
319,Rider_Id_234,140,3125,28
320,Rider_Id_799,2820,1528,735
321,Rider_Id_121,5233,2170,1549
322,Rider_Id_806,26,772,16
323,Rider_Id_519,1591,801,187
324,Rider_Id_384,124,771,27
325,Rider_Id_18,5190,2201,1459
326,Rider_Id_415,766,1210,218
327,Rider_Id_180,178,771,52
328,Rider_Id_253,2330,679,273
329,Rider_Id_722,350,768,81
330,Rider_Id_313,198,800,56
331,Rider_Id_639,9,770,4
332,Rider_Id_848,1043,771,76
333,Rider_Id_532,1155,824,158
334,Rider_Id_145,1076,772,46
335,Rider_Id_764,2644,691,316
336,Rider_Id_903,2493,902,285
337,Rider_Id_670,128,763,29
338,Rider_Id_194,2357,813,406
339,Rider_Id_550,1988,1206,600
340,Rider_Id_456,1693,1110,219
341,Rider_Id_174,92,759,29
342,Rider_Id_634,2414,946,299
343,Rider_Id_283,1909,995,602
344,Rider_Id_399,2567,635,328
345,Rider_Id_398,197,2493,42
346,Rider_Id_142,204,1477,41
347,Rider_Id_229,284,758,82
348,Rider_Id_439,1909,1153,555
349,Rider_Id_754,682,744,119
350,Rider_Id_659,4608,2266,847
351,Rider_Id_343,3654,876,588
352,Rider_Id_857,583,742,52
353,Rider_Id_849,2668,956,453
354,Rider_Id_250,2583,705,288
355,Rider_Id_836,161,742,29
356,Rider_Id_933,3516,569,482
357,Rider_Id_447,492,740,47
358,Rider_Id_882,730,740,71
359,Rider_Id_273,33,738,2
360,Rider_Id_387,705,740,111
361,Rider_Id_452,570,741,98
362,Rider_Id_307,2374,2125,501
363,Rider_Id_19,1645,739,178
364,Rider_Id_263,3333,892,505
365,Rider_Id_414,420,734,55
366,Rider_Id_877,2687,2127,672
367,Rider_Id_182,4305,1794,1242
368,Rider_Id_700,84,730,15
369,Rider_Id_462,1850,998,360
370,Rider_Id_471,43,735,17
371,Rider_Id_85,3604,820,586
372,Rider_Id_293,3187,1538,1048
373,Rider_Id_402,940,984,102
374,Rider_Id_595,3544,1285,1024
375,Rider_Id_548,998,733,130
376,Rider_Id_96,713,726,66
377,Rider_Id_400,461,770,83
378,Rider_Id_12,2399,2466,591
379,Rider_Id_666,1328,1444,511
380,Rider_Id_450,3322,1317,1156
381,Rider_Id_674,3451,635,495
382,Rider_Id_179,532,740,44
383,Rider_Id_946,2336,2184,524
384,Rider_Id_82,2618,2346,603
385,Rider_Id_622,1465,719,130
386,Rider_Id_213,135,726,14
387,Rider_Id_419,4971,1915,1378
388,Rider_Id_249,191,713,29
389,Rider_Id_592,70,714,16
390,Rider_Id_308,1423,1272,451
391,Rider_Id_578,874,1393,215
392,Rider_Id_552,15,698,0
393,Rider_Id_54,226,796,32
394,Rider_Id_240,1541,1243,442
395,Rider_Id_361,2629,1700,796
396,Rider_Id_810,135,677,8
397,Rider_Id_748,3506,2557,157
398,Rider_Id_822,4383,2066,880
399,Rider_Id_566,4585,2107,978
400,Rider_Id_453,330,678,29
401,Rider_Id_611,235,740,24
402,Rider_Id_328,635,674,35
403,Rider_Id_818,5036,1919,599
404,Rider_Id_231,2473,1379,739
405,Rider_Id_117,744,1806,272
406,Rider_Id_647,1730,1075,236
407,Rider_Id_365,2038,1817,397
408,Rider_Id_811,5202,2203,590
409,Rider_Id_655,2049,1222,712
410,Rider_Id_336,1937,1955,454
411,Rider_Id_464,2773,1552,801
412,Rider_Id_704,730,1113,156
413,Rider_Id_934,56,672,7
414,Rider_Id_736,314,2673,22
415,Rider_Id_537,517,2275,9
416,Rider_Id_707,9038,2365,1244
417,Rider_Id_295,5217,2237,667
418,Rider_Id_413,3149,2172,1187
419,Rider_Id_189,532,730,72
420,Rider_Id_847,981,2301,178
421,Rider_Id_713,96,650,10
422,Rider_Id_516,3650,1906,1185
423,Rider_Id_172,2914,1556,925
424,Rider_Id_612,730,642,80
425,Rider_Id_503,5757,1799,2298
426,Rider_Id_731,483,645,31
427,Rider_Id_785,1988,1676,421
428,Rider_Id_565,225,636,20
429,Rider_Id_38,721,635,69
430,Rider_Id_632,82,644,7
431,Rider_Id_156,2067,1745,547
432,Rider_Id_383,2412,787,309
433,Rider_Id_72,2584,854,304
434,Rider_Id_405,4380,2363,972
435,Rider_Id_504,2769,2305,573
436,Rider_Id_703,1785,818,499
437,Rider_Id_137,2008,2292,364
438,Rider_Id_39,7204,1909,354
439,Rider_Id_871,3189,1415,1045
440,Rider_Id_41,2266,2262,257
441,Rider_Id_640,1975,1611,639
442,Rider_Id_750,2112,2063,872
443,Rider_Id_817,2322,966,314
444,Rider_Id_496,5359,1895,1411
445,Rider_Id_125,1995,967,657
446,Rider_Id_607,2385,525,433
447,Rider_Id_337,1985,1052,634
448,Rider_Id_10,6978,1990,413
449,Rider_Id_403,2016,2382,390
450,Rider_Id_11,5491,1780,1420
451,Rider_Id_597,2027,2408,773
452,Rider_Id_178,2684,788,343
453,Rider_Id_282,1879,2336,780
454,Rider_Id_497,2056,206,197
455,Rider_Id_743,4486,1529,1393
456,Rider_Id_81,2436,1428,728
457,Rider_Id_472,2178,2409,347
458,Rider_Id_254,5534,1643,1517
459,Rider_Id_63,933,907,228
460,Rider_Id_190,3920,2224,813
461,Rider_Id_730,2545,2147,557
462,Rider_Id_43,2411,1245,645
463,Rider_Id_391,2516,1839,856
464,Rider_Id_257,4324,1530,1339
465,Rider_Id_70,2087,2411,371
466,Rider_Id_120,3462,1565,1015
467,Rider_Id_619,7056,2047,411
468,Rider_Id_191,2538,1065,712
469,Rider_Id_593,1003,782,148
470,Rider_Id_662,127,601,12
471,Rider_Id_420,3840,1886,1149
472,Rider_Id_829,1255,593,93
473,Rider_Id_368,289,754,41
474,Rider_Id_29,2789,2302,1082
475,Rider_Id_533,1535,650,75
476,Rider_Id_299,557,588,69
477,Rider_Id_274,1760,2088,518
478,Rider_Id_562,2913,2253,1062
479,Rider_Id_568,83,586,14
480,Rider_Id_775,153,584,20
481,Rider_Id_646,156,587,9
482,Rider_Id_518,637,1069,45
483,Rider_Id_22,50,581,7
484,Rider_Id_303,3159,1055,742
485,Rider_Id_823,1703,1590,740
486,Rider_Id_477,877,901,124
487,Rider_Id_649,1751,618,310
488,Rider_Id_897,2,576,1
489,Rider_Id_952,1687,548,297
490,Rider_Id_69,106,586,7
491,Rider_Id_854,1830,585,321
492,Rider_Id_876,2718,1160,460
493,Rider_Id_878,429,577,13
494,Rider_Id_675,751,576,62
495,Rider_Id_108,2385,1276,559
496,Rider_Id_708,1819,707,371
497,Rider_Id_1,8,589,1
498,Rider_Id_559,334,581,31
499,Rider_Id_926,2935,1102,344
500,Rider_Id_210,1608,1806,626
501,Rider_Id_880,1212,2245,197
502,Rider_Id_436,1202,576,105
503,Rider_Id_796,4187,2159,1146
504,Rider_Id_128,3316,2372,182
505,Rider_Id_112,305,643,49
506,Rider_Id_684,7589,2741,139
507,Rider_Id_866,145,580,4
508,Rider_Id_928,1242,623,106
509,Rider_Id_237,788,572,72
510,Rider_Id_171,117,571,6
511,Rider_Id_184,99,570,7
512,Rider_Id_660,1062,573,100
513,Rider_Id_416,4916,1641,1366
514,Rider_Id_587,4482,2237,1196
515,Rider_Id_287,1130,2253,110
516,Rider_Id_596,1633,1719,521
517,Rider_Id_867,32,587,0
518,Rider_Id_370,4353,2201,1247
519,Rider_Id_32,5003,1863,1983
520,Rider_Id_712,5032,1838,1515
521,Rider_Id_936,8296,2715,1394
522,Rider_Id_485,3112,2686,642
523,Rider_Id_487,5006,1632,1490
524,Rider_Id_289,950,1357,260
525,Rider_Id_157,5588,2638,200
526,Rider_Id_490,5098,1850,1971
527,Rider_Id_451,3323,1170,718
528,Rider_Id_774,3178,830,759
529,Rider_Id_935,4156,2088,1037
530,Rider_Id_783,1975,1125,557
531,Rider_Id_889,3844,2258,1139
532,Rider_Id_359,2118,2406,207
533,Rider_Id_97,5694,2419,298
534,Rider_Id_380,2986,2846,568
535,Rider_Id_469,3300,938,624
536,Rider_Id_551,2107,1128,461
537,Rider_Id_573,1773,2252,241
538,Rider_Id_114,288,556,27
539,Rider_Id_715,5063,1853,1438
540,Rider_Id_160,3335,2351,177
541,Rider_Id_206,1376,557,165
542,Rider_Id_630,2588,1285,576
543,Rider_Id_588,8267,2528,1285
544,Rider_Id_136,3795,1760,1182
545,Rider_Id_781,1910,1546,607
546,Rider_Id_164,3737,1884,1054
547,Rider_Id_842,2035,964,560
548,Rider_Id_143,1704,1658,686
549,Rider_Id_769,2730,2118,666
550,Rider_Id_793,2564,1217,629
551,Rider_Id_626,4553,1792,1312
552,Rider_Id_276,925,550,73
553,Rider_Id_98,3526,2350,162
554,Rider_Id_80,4213,2059,1025
555,Rider_Id_699,737,2102,57
556,Rider_Id_554,442,1375,80
557,Rider_Id_884,1829,2489,224
558,Rider_Id_199,1683,2300,300
559,Rider_Id_30,446,580,37
560,Rider_Id_902,224,1083,38
561,Rider_Id_685,487,560,44
562,Rider_Id_230,7680,2476,147
563,Rider_Id_187,3298,943,662
564,Rider_Id_569,740,1393,121
565,Rider_Id_913,4036,2119,700
566,Rider_Id_807,3267,1614,708
567,Rider_Id_130,4026,1843,1148
568,Rider_Id_395,2483,1664,635
569,Rider_Id_859,2428,1940,970
570,Rider_Id_375,444,1113,165
571,Rider_Id_958,1907,530,305
572,Rider_Id_331,4048,1844,1078
573,Rider_Id_315,1963,1091,576
574,Rider_Id_356,2166,2110,922
575,Rider_Id_920,648,2157,18
576,Rider_Id_803,2462,1067,631
577,Rider_Id_244,686,718,64
578,Rider_Id_381,5055,1882,2053
579,Rider_Id_879,2345,921,642
580,Rider_Id_509,5477,1743,2184
581,Rider_Id_718,1969,791,437
582,Rider_Id_57,4923,1651,2018
583,Rider_Id_911,3197,1455,683
584,Rider_Id_227,2841,1417,791
585,Rider_Id_512,152,587,13
586,Rider_Id_625,1220,1386,492
587,Rider_Id_719,23,530,8
588,Rider_Id_93,4334,1647,1310
589,Rider_Id_110,3229,2406,1167
590,Rider_Id_501,1809,1043,423
591,Rider_Id_778,825,531,74
592,Rider_Id_528,5770,1793,2205
593,Rider_Id_66,27,1027,4
594,Rider_Id_557,2168,941,409
595,Rider_Id_839,1909,937,461
596,Rider_Id_828,2880,953,346
597,Rider_Id_717,5178,1942,557
598,Rider_Id_558,778,2499,120
599,Rider_Id_258,2734,1192,535
600,Rider_Id_547,970,3251,53
601,Rider_Id_401,3289,1706,642
602,Rider_Id_931,2611,1250,479
603,Rider_Id_458,1998,777,418
604,Rider_Id_457,827,1581,132
605,Rider_Id_195,2015,1225,312
606,Rider_Id_317,3109,2446,1145
607,Rider_Id_386,4191,1964,1061
608,Rider_Id_242,2822,1903,712
609,Rider_Id_725,680,2890,27
610,Rider_Id_138,182,497,21
611,Rider_Id_362,1018,504,87
612,Rider_Id_523,928,494,43
613,Rider_Id_404,1034,495,63
614,Rider_Id_627,2086,1744,655
615,Rider_Id_575,3679,2149,699
616,Rider_Id_113,538,1516,234
617,Rider_Id_679,3510,1992,1312
618,Rider_Id_53,241,1109,73
619,Rider_Id_511,152,496,5
620,Rider_Id_205,1275,497,119
621,Rider_Id_609,70,495,6
622,Rider_Id_794,3765,2359,1129
623,Rider_Id_14,47,488,4
624,Rider_Id_28,7842,2498,99
625,Rider_Id_150,179,493,3
626,Rider_Id_364,1914,2519,326
627,Rider_Id_454,81,491,19
628,Rider_Id_918,39,488,2
629,Rider_Id_267,523,491,40
630,Rider_Id_667,4,488,1
631,Rider_Id_677,35,487,3
632,Rider_Id_741,254,483,18
633,Rider_Id_723,558,1510,193
634,Rider_Id_382,175,483,2
635,Rider_Id_175,1734,1576,756
636,Rider_Id_48,625,479,38
637,Rider_Id_90,3206,1690,799
638,Rider_Id_332,397,476,34
639,Rider_Id_560,2469,1652,817
640,Rider_Id_23,3288,2524,1129
641,Rider_Id_527,1782,2145,406
642,Rider_Id_697,314,473,29
643,Rider_Id_819,383,474,52
644,Rider_Id_665,2587,1859,723
645,Rider_Id_899,318,480,19
646,Rider_Id_428,202,490,12
647,Rider_Id_853,3640,1893,1236
648,Rider_Id_47,29,463,0
649,Rider_Id_300,574,463,41
650,Rider_Id_26,833,460,67
651,Rider_Id_323,53,790,9
652,Rider_Id_721,3918,2363,1168
653,Rider_Id_325,3399,1869,1270
654,Rider_Id_75,411,460,56
655,Rider_Id_25,613,460,65
656,Rider_Id_728,914,452,69
657,Rider_Id_576,1486,454,151
658,Rider_Id_440,1871,2224,158
659,Rider_Id_746,2442,2163,552
660,Rider_Id_342,3429,2245,1299
661,Rider_Id_220,9,452,1
662,Rider_Id_52,216,449,23
663,Rider_Id_915,2794,1616,696
664,Rider_Id_275,364,449,19
665,Rider_Id_73,3240,2064,1107
666,Rider_Id_489,256,449,16
667,Rider_Id_831,1035,446,93
668,Rider_Id_862,201,448,10
669,Rider_Id_594,3068,2084,1108
670,Rider_Id_424,3305,1757,645
671,Rider_Id_664,2818,2624,433
672,Rider_Id_534,117,462,3
673,Rider_Id_901,2186,1131,570
674,Rider_Id_957,11,419,1
675,Rider_Id_809,1945,1003,447
676,Rider_Id_768,5072,1821,2011
677,Rider_Id_505,2490,2025,612
678,Rider_Id_357,1008,1527,362
679,Rider_Id_418,329,413,34
680,Rider_Id_246,193,435,15
681,Rider_Id_111,2079,1097,582
682,Rider_Id_319,7671,2706,103
683,Rider_Id_800,1188,2154,154
684,Rider_Id_801,329,409,27
685,Rider_Id_269,721,409,60
686,Rider_Id_443,3504,2234,1086
687,Rider_Id_15,2316,873,552
688,Rider_Id_553,3670,2015,1193
689,Rider_Id_873,3515,2286,1042
690,Rider_Id_837,37,398,6
691,Rider_Id_691,249,399,23
692,Rider_Id_346,2396,1860,594
693,Rider_Id_296,3264,2005,1278
694,Rider_Id_197,3067,1988,1039
695,Rider_Id_530,1947,1531,663
696,Rider_Id_513,178,490,24
697,Rider_Id_686,799,410,46
698,Rider_Id_758,81,385,18
699,Rider_Id_377,484,381,59
700,Rider_Id_104,215,2012,6
701,Rider_Id_34,20,378,5
702,Rider_Id_556,4,378,1
703,Rider_Id_277,148,376,14
704,Rider_Id_601,27,377,4
705,Rider_Id_772,99,550,8
706,Rider_Id_540,134,378,22
707,Rider_Id_869,1972,1111,654
708,Rider_Id_696,37,370,8
709,Rider_Id_468,355,371,36
710,Rider_Id_860,5,448,2
711,Rider_Id_311,192,368,11
712,Rider_Id_953,1270,367,131
713,Rider_Id_225,28,366,7
714,Rider_Id_825,2009,1760,668
715,Rider_Id_433,27,362,5
716,Rider_Id_426,2113,1875,668
717,Rider_Id_411,903,356,108
718,Rider_Id_590,202,355,30
719,Rider_Id_605,57,379,8
720,Rider_Id_0,3048,2570,512
721,Rider_Id_959,275,379,26
722,Rider_Id_947,65,379,6
723,Rider_Id_645,4317,2061,1094
724,Rider_Id_863,913,354,89
725,Rider_Id_168,708,357,59
726,Rider_Id_887,5,352,3
727,Rider_Id_776,2158,1891,694
728,Rider_Id_91,2069,2103,649
729,Rider_Id_198,3009,1922,884
730,Rider_Id_883,282,353,23
731,Rider_Id_681,2572,1684,818
732,Rider_Id_678,292,349,39
733,Rider_Id_767,239,2699,6
734,Rider_Id_488,2439,1985,656
735,Rider_Id_603,88,338,6
736,Rider_Id_483,53,339,13
737,Rider_Id_152,63,338,5
738,Rider_Id_339,20,338,3
739,Rider_Id_856,396,339,69
740,Rider_Id_724,41,340,7
741,Rider_Id_448,1220,339,119
742,Rider_Id_378,298,336,31
743,Rider_Id_545,130,339,10
744,Rider_Id_8,497,341,103
745,Rider_Id_824,55,338,14
746,Rider_Id_169,13,329,2
747,Rider_Id_461,60,339,14
748,Rider_Id_262,99,2282,5
749,Rider_Id_385,2440,2190,544
750,Rider_Id_430,2825,1990,655
751,Rider_Id_154,197,328,19
752,Rider_Id_372,77,328,16
753,Rider_Id_955,2595,1943,746
754,Rider_Id_127,264,338,21
755,Rider_Id_389,3219,2111,1230
756,Rider_Id_459,326,321,39
757,Rider_Id_797,1898,2386,431
758,Rider_Id_341,467,315,58
759,Rider_Id_61,419,312,61
760,Rider_Id_922,7717,2642,83
761,Rider_Id_348,3074,2166,894
762,Rider_Id_688,28,307,7
763,Rider_Id_830,903,1992,254
764,Rider_Id_716,20,306,6
765,Rider_Id_885,192,308,21
766,Rider_Id_17,24,307,4
767,Rider_Id_529,3,307,1
768,Rider_Id_599,3117,2255,878
769,Rider_Id_44,9,307,1
770,Rider_Id_291,1209,305,145
771,Rider_Id_59,32,336,1
772,Rider_Id_245,643,307,58
773,Rider_Id_564,626,307,54
774,Rider_Id_318,293,305,36
775,Rider_Id_563,15,309,5
776,Rider_Id_604,13,300,0
777,Rider_Id_657,18,308,0
778,Rider_Id_763,235,307,27
779,Rider_Id_278,36,296,3
780,Rider_Id_814,4767,1943,1451
781,Rider_Id_106,958,307,99
782,Rider_Id_119,1208,300,139
783,Rider_Id_118,150,296,30
784,Rider_Id_653,576,1822,159
785,Rider_Id_76,847,297,108
786,Rider_Id_373,2639,2173,663
787,Rider_Id_701,19,298,3
788,Rider_Id_787,389,297,30
789,Rider_Id_99,435,301,73
790,Rider_Id_349,615,341,30
791,Rider_Id_181,34,291,5
792,Rider_Id_392,2011,2350,374
793,Rider_Id_690,505,580,40
794,Rider_Id_132,104,302,9
795,Rider_Id_305,6,294,1
796,Rider_Id_309,274,293,36
797,Rider_Id_495,62,297,6
798,Rider_Id_709,1023,294,145
799,Rider_Id_463,38,292,10
800,Rider_Id_314,201,306,21
801,Rider_Id_177,526,286,70
802,Rider_Id_58,2527,1908,909
803,Rider_Id_367,621,2196,21
804,Rider_Id_732,317,1821,97
805,Rider_Id_682,132,291,19
806,Rider_Id_855,886,283,113
807,Rider_Id_600,1875,1817,822
808,Rider_Id_233,333,286,46
809,Rider_Id_218,187,285,15
810,Rider_Id_628,117,278,18
811,Rider_Id_652,129,272,23
812,Rider_Id_759,15,337,2
813,Rider_Id_170,4628,2255,1506
814,Rider_Id_954,11,276,0
815,Rider_Id_683,17,273,6
816,Rider_Id_613,365,269,40
817,Rider_Id_376,30,292,1
818,Rider_Id_484,432,271,62
819,Rider_Id_126,261,270,29
820,Rider_Id_816,2466,3114,142
821,Rider_Id_506,191,278,19
822,Rider_Id_780,4,269,0
823,Rider_Id_907,582,273,42
824,Rider_Id_129,25,278,6
825,Rider_Id_943,41,269,10
826,Rider_Id_868,488,273,45
827,Rider_Id_841,2204,2871,31
828,Rider_Id_135,2447,2786,198
829,Rider_Id_20,201,271,19
830,Rider_Id_306,228,268,30
831,Rider_Id_910,398,266,29
832,Rider_Id_784,2311,2824,16
833,Rider_Id_460,9,259,5
834,Rider_Id_94,3120,2671,1125
835,Rider_Id_77,25,256,6
836,Rider_Id_292,49,255,5
837,Rider_Id_166,173,253,16
838,Rider_Id_524,48,256,5
839,Rider_Id_507,209,254,22
840,Rider_Id_500,15,251,5
841,Rider_Id_7,339,250,46
842,Rider_Id_843,583,252,58
843,Rider_Id_435,343,251,30
844,Rider_Id_508,172,252,22
845,Rider_Id_740,97,250,10
846,Rider_Id_850,32,242,3
847,Rider_Id_92,563,251,41
848,Rider_Id_760,76,252,7
849,Rider_Id_693,24,240,0
850,Rider_Id_204,456,240,42
851,Rider_Id_155,1023,242,114
852,Rider_Id_161,718,237,83
853,Rider_Id_695,89,236,8
854,Rider_Id_438,557,239,55
855,Rider_Id_394,162,237,14
856,Rider_Id_570,222,238,26
857,Rider_Id_790,271,236,32
858,Rider_Id_525,10,307,1
859,Rider_Id_324,68,231,0
860,Rider_Id_344,396,231,38
861,Rider_Id_316,3,231,1
862,Rider_Id_151,38,230,3
863,Rider_Id_710,154,225,9
864,Rider_Id_835,3001,2195,942
865,Rider_Id_251,9,226,1
866,Rider_Id_363,44,220,8
867,Rider_Id_193,385,225,48
868,Rider_Id_641,44,220,3
869,Rider_Id_572,262,222,20
870,Rider_Id_815,534,218,49
871,Rider_Id_422,312,222,37
872,Rider_Id_68,311,214,29
873,Rider_Id_924,27,216,5
874,Rider_Id_388,16,220,2
875,Rider_Id_705,49,221,8
876,Rider_Id_214,226,2189,74
877,Rider_Id_211,731,198,54
878,Rider_Id_921,510,198,56
879,Rider_Id_13,3108,3237,469
880,Rider_Id_950,8,210,3
881,Rider_Id_3,32,194,3
882,Rider_Id_792,18,195,2
883,Rider_Id_864,393,207,28
884,Rider_Id_141,2988,3543,553
885,Rider_Id_624,314,184,24
886,Rider_Id_930,282,184,17
887,Rider_Id_538,308,182,25
888,Rider_Id_591,679,183,61
889,Rider_Id_9,2265,3101,31
890,Rider_Id_745,3,172,0
891,Rider_Id_78,33,183,1
892,Rider_Id_165,487,1579,188
893,Rider_Id_298,82,182,17
894,Rider_Id_694,31,212,2
895,Rider_Id_502,85,178,8
896,Rider_Id_256,28,169,7
897,Rider_Id_567,116,175,10
898,Rider_Id_689,130,167,9
899,Rider_Id_491,220,167,30
900,Rider_Id_582,369,170,40
901,Rider_Id_945,1795,2542,442
902,Rider_Id_183,213,167,27
903,Rider_Id_27,166,160,32
904,Rider_Id_617,42,159,4
905,Rider_Id_610,36,150,7
906,Rider_Id_158,536,157,55
907,Rider_Id_821,94,155,15
908,Rider_Id_369,200,156,15
909,Rider_Id_2,455,152,51
910,Rider_Id_602,62,149,4
911,Rider_Id_321,17,152,0
912,Rider_Id_163,889,2817,0
913,Rider_Id_139,676,153,66
914,Rider_Id_221,22,142,5
915,Rider_Id_673,314,152,11
916,Rider_Id_826,167,138,19
917,Rider_Id_203,8,141,0
918,Rider_Id_542,18,132,5
919,Rider_Id_310,282,326,46
920,Rider_Id_706,124,133,8
921,Rider_Id_838,45,138,0
922,Rider_Id_115,10,2214,3
923,Rider_Id_55,267,138,31
924,Rider_Id_788,231,139,25
925,Rider_Id_146,191,130,31
926,Rider_Id_429,123,130,24
927,Rider_Id_176,417,136,34
928,Rider_Id_162,1574,2273,209
929,Rider_Id_42,389,130,46
930,Rider_Id_255,24,130,4
931,Rider_Id_261,27,129,5
932,Rider_Id_243,273,125,38
933,Rider_Id_944,238,127,23
934,Rider_Id_643,265,139,31
935,Rider_Id_739,425,129,49
936,Rider_Id_894,476,116,48
937,Rider_Id_827,59,118,4
938,Rider_Id_109,297,136,22
939,Rider_Id_475,42,138,2
940,Rider_Id_36,304,127,22
941,Rider_Id_271,301,114,24
942,Rider_Id_35,35,113,2
943,Rider_Id_60,89,111,9
944,Rider_Id_133,82,110,5
945,Rider_Id_834,336,111,35
946,Rider_Id_481,42,119,13
947,Rider_Id_577,591,300,47
948,Rider_Id_766,78,125,6
949,Rider_Id_371,250,115,25
950,Rider_Id_637,10,106,0
951,Rider_Id_773,5,105,0
952,Rider_Id_891,489,103,35
953,Rider_Id_67,55,99,6
954,Rider_Id_492,185,103,12
955,Rider_Id_896,152,99,18
956,Rider_Id_149,69,101,10
957,Rider_Id_270,338,96,41
958,Rider_Id_201,159,96,9
959,Rider_Id_904,172,108,18
